-- OM 2021.02.17
-- FICHIER MYSQL POUR FAIRE FONCTIONNER LES EXEMPLES
-- DE REQUETES MYSQL
-- Database: Jaquier_Jason_Info1B_StaffFOB_164_2023

-- Destruction de la BD si elle existe.
-- Pour être certain d'avoir la dernière version des données

DROP DATABASE IF EXISTS Jaquier_Jason_Info1B_StaffFOB_164_2023;

-- Création d'un nouvelle base de donnée

CREATE DATABASE IF NOT EXISTS Jaquier_Jason_Info1B_StaffFOB_164_2023;

-- Utilisation de cette base de donnée

USE Jaquier_Jason_Info1B_StaffFOB_164_2023;
-- --------------------------------------------------------
-- phpMyAdmin SQL Dump
-- version 5.2.0
-- https://www.phpmyadmin.net/
--
-- Hôte : 127.0.0.1:3306
-- Généré le : jeu. 30 mars 2023 à 09:03
-- Version du serveur : 8.0.31
-- Version de PHP : 8.0.26

SET SQL_MODE = "NO_AUTO_VALUE_ON_ZERO";
START TRANSACTION;
SET time_zone = "+00:00";


/*!40101 SET @OLD_CHARACTER_SET_CLIENT=@@CHARACTER_SET_CLIENT */;
/*!40101 SET @OLD_CHARACTER_SET_RESULTS=@@CHARACTER_SET_RESULTS */;
/*!40101 SET @OLD_COLLATION_CONNECTION=@@COLLATION_CONNECTION */;
/*!40101 SET NAMES utf8mb4 */;

--
-- Base de données : `164_fob`
--

-- --------------------------------------------------------

--
-- Structure de la table `t_choix`
--

DROP TABLE IF EXISTS `t_choix`;
CREATE TABLE IF NOT EXISTS `t_choix` (
  `idChoix` int NOT NULL AUTO_INCREMENT,
  `idMatch` int NOT NULL,
  `idPersonne` int NOT NULL,
  `pChoix` int DEFAULT NULL,
  PRIMARY KEY (`idChoix`),
  KEY `FKChoixMatch` (`idMatch`),
  KEY `FKChoixPersonne` (`idPersonne`)
) ENGINE=InnoDB AUTO_INCREMENT=573 DEFAULT CHARSET=latin1;

--
-- Déchargement des données de la table `t_choix`
--

INSERT INTO `t_choix` (`idChoix`, `idMatch`, `idPersonne`, `pChoix`) VALUES
(1, 1, 1, 1),
(2, 2, 1, 1),
(3, 3, 1, 1),
(4, 4, 1, 1),
(5, 5, 1, 1),
(6, 6, 1, 1),
(7, 7, 1, 1),
(8, 8, 1, 1),
(9, 9, 1, 1),
(10, 10, 1, 1),
(11, 11, 1, 1),
(12, 12, 1, 1),
(13, 13, 1, 1),
(14, 1, 2, 1),
(15, 2, 2, 1),
(16, 3, 2, 0),
(17, 4, 2, 2),
(18, 5, 2, 1),
(19, 6, 2, 1),
(20, 7, 2, 1),
(21, 8, 2, 1),
(22, 9, 2, 0),
(23, 10, 2, 0),
(24, 11, 2, 1),
(25, 12, 2, 0),
(26, 13, 2, 1),
(27, 1, 3, 1),
(28, 2, 3, 1),
(29, 3, 3, 1),
(30, 4, 3, 0),
(31, 5, 3, 1),
(32, 6, 3, 1),
(33, 7, 3, 1),
(34, 8, 3, 1),
(35, 9, 3, 1),
(36, 10, 3, 1),
(37, 11, 3, 1),
(38, 12, 3, 1),
(39, 13, 3, 1),
(40, 1, 4, 1),
(41, 2, 4, 1),
(42, 3, 4, 1),
(43, 4, 4, 1),
(44, 5, 4, 0),
(45, 6, 4, 1),
(46, 7, 4, 1),
(47, 8, 4, 1),
(48, 9, 4, 1),
(49, 10, 4, 1),
(50, 11, 4, 1),
(51, 12, 4, 1),
(52, 13, 4, 1),
(53, 1, 5, 0),
(54, 2, 5, 1),
(55, 3, 5, 1),
(56, 4, 5, 0),
(57, 5, 5, 1),
(58, 6, 5, 0),
(59, 7, 5, 1),
(60, 8, 5, 1),
(61, 9, 5, 1),
(62, 10, 5, 1),
(63, 11, 5, 2),
(64, 12, 5, 2),
(65, 13, 5, 2),
(66, 1, 6, 1),
(67, 2, 6, 1),
(68, 3, 6, 1),
(69, 4, 6, 1),
(70, 5, 6, 1),
(71, 6, 6, 1),
(72, 7, 6, 1),
(73, 8, 6, 1),
(74, 9, 6, 1),
(75, 10, 6, 1),
(76, 11, 6, 1),
(77, 12, 6, 1),
(78, 13, 6, 1),
(79, 1, 7, 1),
(80, 2, 7, 1),
(81, 3, 7, 1),
(82, 4, 7, 1),
(83, 5, 7, 1),
(84, 6, 7, 1),
(85, 7, 7, 1),
(86, 8, 7, 0),
(87, 9, 7, 0),
(88, 10, 7, 0),
(89, 11, 7, 0),
(90, 12, 7, 0),
(91, 13, 7, 0),
(92, 1, 8, 1),
(93, 2, 8, 1),
(94, 3, 8, 1),
(95, 4, 8, 1),
(96, 5, 8, 1),
(97, 6, 8, 1),
(98, 7, 8, 1),
(99, 8, 8, 1),
(100, 9, 8, 1),
(101, 10, 8, 0),
(102, 11, 8, 1),
(103, 12, 8, 1),
(104, 13, 8, 1),
(105, 1, 9, 1),
(106, 2, 9, 1),
(107, 3, 9, 1),
(108, 4, 9, 1),
(109, 5, 9, 1),
(110, 6, 9, 1),
(111, 7, 9, 1),
(112, 8, 9, 1),
(113, 9, 9, 1),
(114, 10, 9, 1),
(115, 11, 9, 1),
(116, 12, 9, 1),
(117, 13, 9, 1),
(118, 1, 10, 1),
(119, 2, 10, 1),
(120, 3, 10, 1),
(121, 4, 10, 1),
(122, 5, 10, 1),
(123, 6, 10, 1),
(124, 7, 10, 1),
(125, 8, 10, 1),
(126, 9, 10, 1),
(127, 10, 10, 1),
(128, 11, 10, 1),
(129, 12, 10, 1),
(130, 13, 10, 1),
(131, 1, 11, 1),
(132, 2, 11, 1),
(133, 3, 11, 1),
(134, 4, 11, 1),
(135, 5, 11, 1),
(136, 6, 11, 1),
(137, 7, 11, 1),
(138, 8, 11, 1),
(139, 9, 11, 1),
(140, 10, 11, 1),
(141, 11, 11, 1),
(142, 12, 11, 1),
(143, 13, 11, 1),
(144, 1, 12, 1),
(145, 2, 12, 1),
(146, 3, 12, 1),
(147, 4, 12, 1),
(148, 5, 12, 1),
(149, 6, 12, 1),
(150, 7, 12, 1),
(151, 8, 12, 1),
(152, 9, 12, 1),
(153, 10, 12, 1),
(154, 11, 12, 1),
(155, 12, 12, 1),
(156, 13, 12, 1),
(157, 1, 13, 1),
(158, 2, 13, 1),
(159, 3, 13, 1),
(160, 4, 13, 1),
(161, 5, 13, 1),
(162, 6, 13, 1),
(163, 7, 13, 1),
(164, 8, 13, 1),
(165, 9, 13, 1),
(166, 10, 13, 1),
(167, 11, 13, 1),
(168, 12, 13, 1),
(169, 13, 13, 1),
(170, 1, 14, 1),
(171, 2, 14, 1),
(172, 3, 14, 1),
(173, 4, 14, 1),
(174, 5, 14, 1),
(175, 6, 14, 1),
(176, 7, 14, 1),
(177, 8, 14, 1),
(178, 9, 14, 1),
(179, 10, 14, 1),
(180, 11, 14, 1),
(181, 12, 14, 1),
(182, 13, 14, 1),
(183, 1, 15, 1),
(184, 2, 15, 1),
(185, 3, 15, 1),
(186, 4, 15, 1),
(187, 5, 15, 1),
(188, 6, 15, 1),
(189, 7, 15, 1),
(190, 8, 15, 1),
(191, 9, 15, 1),
(192, 10, 15, 1),
(193, 11, 15, 1),
(194, 12, 15, 1),
(195, 13, 15, 1),
(196, 1, 16, 1),
(197, 2, 16, 1),
(198, 3, 16, 1),
(199, 4, 16, 1),
(200, 5, 16, 1),
(201, 6, 16, 1),
(202, 7, 16, 1),
(203, 8, 16, 1),
(204, 9, 16, 1),
(205, 10, 16, 1),
(206, 11, 16, 1),
(207, 12, 16, 1),
(208, 13, 16, 1),
(209, 1, 17, 1),
(210, 2, 17, 1),
(211, 3, 17, 1),
(212, 4, 17, 1),
(213, 5, 17, 1),
(214, 6, 17, 1),
(215, 7, 17, 1),
(216, 8, 17, 1),
(217, 9, 17, 1),
(218, 10, 17, 1),
(219, 11, 17, 1),
(220, 12, 17, 1),
(221, 13, 17, 1),
(222, 1, 18, 1),
(223, 2, 18, 1),
(224, 3, 18, 1),
(225, 4, 18, 1),
(226, 5, 18, 1),
(227, 6, 18, 1),
(228, 7, 18, 1),
(229, 8, 18, 1),
(230, 9, 18, 1),
(231, 10, 18, 1),
(232, 11, 18, 1),
(233, 12, 18, 1),
(234, 13, 18, 1),
(235, 1, 19, 1),
(236, 2, 19, 1),
(237, 3, 19, 1),
(238, 4, 19, 1),
(239, 5, 19, 1),
(240, 6, 19, 1),
(241, 7, 19, 1),
(242, 8, 19, 1),
(243, 9, 19, 1),
(244, 10, 19, 1),
(245, 11, 19, 1),
(246, 12, 19, 1),
(247, 13, 19, 1),
(248, 1, 20, 1),
(249, 2, 20, 1),
(250, 3, 20, 1),
(251, 4, 20, 1),
(252, 5, 20, 1),
(253, 6, 20, 1),
(254, 7, 20, 1),
(255, 8, 20, 1),
(256, 9, 20, 1),
(257, 10, 20, 1),
(258, 11, 20, 1),
(259, 12, 20, 1),
(260, 13, 20, 1),
(261, 1, 21, 1),
(262, 2, 21, 1),
(263, 3, 21, 1),
(264, 4, 21, 1),
(265, 5, 21, 1),
(266, 6, 21, 1),
(267, 7, 21, 1),
(268, 8, 21, 1),
(269, 9, 21, 1),
(270, 10, 21, 1),
(271, 11, 21, 1),
(272, 12, 21, 1),
(273, 13, 21, 1),
(274, 1, 22, 1),
(275, 2, 22, 1),
(276, 3, 22, 1),
(277, 4, 22, 1),
(278, 5, 22, 1),
(279, 6, 22, 1),
(280, 7, 22, 1),
(281, 8, 22, 1),
(282, 9, 22, 1),
(283, 10, 22, 1),
(284, 11, 22, 1),
(285, 12, 22, 1),
(286, 13, 22, 1),
(287, 1, 23, 1),
(288, 2, 23, 1),
(289, 3, 23, 1),
(290, 4, 23, 1),
(291, 5, 23, 1),
(292, 6, 23, 1),
(293, 7, 23, 1),
(294, 8, 23, 1),
(295, 9, 23, 1),
(296, 10, 23, 1),
(297, 11, 23, 1),
(298, 12, 23, 1),
(299, 13, 23, 1),
(300, 1, 24, 1),
(301, 2, 24, 1),
(302, 3, 24, 1),
(303, 4, 24, 1),
(304, 5, 24, 1),
(305, 6, 24, 1),
(306, 7, 24, 1),
(307, 8, 24, 1),
(308, 9, 24, 1),
(309, 10, 24, 1),
(310, 11, 24, 1),
(311, 12, 24, 1),
(312, 13, 24, 1),
(313, 1, 25, 1),
(314, 2, 25, 1),
(315, 3, 25, 1),
(316, 4, 25, 1),
(317, 5, 25, 1),
(318, 6, 25, 1),
(319, 7, 25, 1),
(320, 8, 25, 1),
(321, 9, 25, 1),
(322, 10, 25, 1),
(323, 11, 25, 1),
(324, 12, 25, 1),
(325, 13, 25, 1),
(326, 1, 26, 1),
(327, 2, 26, 1),
(328, 3, 26, 1),
(329, 4, 26, 1),
(330, 5, 26, 1),
(331, 6, 26, 1),
(332, 7, 26, 1),
(333, 8, 26, 1),
(334, 9, 26, 1),
(335, 10, 26, 1),
(336, 11, 26, 1),
(337, 12, 26, 1),
(338, 13, 26, 1),
(339, 1, 27, 1),
(340, 2, 27, 1),
(341, 3, 27, 1),
(342, 4, 27, 1),
(343, 5, 27, 1),
(344, 6, 27, 1),
(345, 7, 27, 1),
(346, 8, 27, 1),
(347, 9, 27, 1),
(348, 10, 27, 1),
(349, 11, 27, 1),
(350, 12, 27, 1),
(351, 13, 27, 1),
(352, 1, 28, 1),
(353, 2, 28, 1),
(354, 3, 28, 1),
(355, 4, 28, 1),
(356, 5, 28, 1),
(357, 6, 28, 1),
(358, 7, 28, 1),
(359, 8, 28, 1),
(360, 9, 28, 1),
(361, 10, 28, 1),
(362, 11, 28, 1),
(363, 12, 28, 1),
(364, 13, 28, 1),
(365, 1, 29, 1),
(366, 2, 29, 1),
(367, 3, 29, 1),
(368, 4, 29, 1),
(369, 5, 29, 1),
(370, 6, 29, 1),
(371, 7, 29, 1),
(372, 8, 29, 1),
(373, 9, 29, 1),
(374, 10, 29, 1),
(375, 11, 29, 1),
(376, 12, 29, 1),
(377, 13, 29, 1),
(378, 1, 30, 1),
(379, 2, 30, 1),
(380, 3, 30, 1),
(381, 4, 30, 1),
(382, 5, 30, 1),
(383, 6, 30, 1),
(384, 7, 30, 1),
(385, 8, 30, 1),
(386, 9, 30, 1),
(387, 10, 30, 1),
(388, 11, 30, 1),
(389, 12, 30, 1),
(390, 13, 30, 1),
(391, 1, 31, 1),
(392, 2, 31, 1),
(393, 3, 31, 1),
(394, 4, 31, 1),
(395, 5, 31, 1),
(396, 6, 31, 1),
(397, 7, 31, 1),
(398, 8, 31, 1),
(399, 9, 31, 1),
(400, 10, 31, 1),
(401, 11, 31, 1),
(402, 12, 31, 1),
(403, 13, 31, 1),
(404, 1, 32, 1),
(405, 2, 32, 1),
(406, 3, 32, 1),
(407, 4, 32, 1),
(408, 5, 32, 1),
(409, 6, 32, 1),
(410, 7, 32, 1),
(411, 8, 32, 1),
(412, 9, 32, 1),
(413, 10, 32, 1),
(414, 11, 32, 1),
(415, 12, 32, 1),
(416, 13, 32, 1),
(417, 1, 33, 1),
(418, 2, 33, 1),
(419, 3, 33, 1),
(420, 4, 33, 1),
(421, 5, 33, 1),
(422, 6, 33, 1),
(423, 7, 33, 1),
(424, 8, 33, 1),
(425, 9, 33, 1),
(426, 10, 33, 1),
(427, 11, 33, 1),
(428, 12, 33, 1),
(429, 13, 33, 1),
(430, 1, 34, 1),
(431, 2, 34, 1),
(432, 3, 34, 1),
(433, 4, 34, 1),
(434, 5, 34, 1),
(435, 6, 34, 1),
(436, 7, 34, 1),
(437, 8, 34, 1),
(438, 9, 34, 1),
(439, 10, 34, 1),
(440, 11, 34, 1),
(441, 12, 34, 1),
(442, 13, 34, 1),
(443, 1, 35, 1),
(444, 2, 35, 1),
(445, 3, 35, 1),
(446, 4, 35, 1),
(447, 5, 35, 1),
(448, 6, 35, 1),
(449, 7, 35, 1),
(450, 8, 35, 1),
(451, 9, 35, 1),
(452, 10, 35, 1),
(453, 11, 35, 1),
(454, 12, 35, 1),
(455, 13, 35, 1),
(456, 1, 36, 1),
(457, 2, 36, 1),
(458, 3, 36, 1),
(459, 4, 36, 1),
(460, 5, 36, 1),
(461, 6, 36, 1),
(462, 7, 36, 1),
(463, 8, 36, 1),
(464, 9, 36, 1),
(465, 10, 36, 1),
(466, 11, 36, 1),
(467, 12, 36, 1),
(468, 13, 36, 1),
(469, 1, 37, 1),
(470, 2, 37, 1),
(471, 3, 37, 1),
(472, 4, 37, 1),
(473, 5, 37, 1),
(474, 6, 37, 1),
(475, 7, 37, 1),
(476, 8, 37, 1),
(477, 9, 37, 1),
(478, 10, 37, 1),
(479, 11, 37, 1),
(480, 12, 37, 1),
(481, 13, 37, 1),
(482, 1, 38, 1),
(483, 2, 38, 1),
(484, 3, 38, 1),
(485, 4, 38, 1),
(486, 5, 38, 1),
(487, 6, 38, 1),
(488, 7, 38, 1),
(489, 8, 38, 1),
(490, 9, 38, 1),
(491, 10, 38, 1),
(492, 11, 38, 1),
(493, 12, 38, 1),
(494, 13, 38, 1),
(495, 1, 39, 1),
(496, 2, 39, 1),
(497, 3, 39, 1),
(498, 4, 39, 1),
(499, 5, 39, 1),
(500, 6, 39, 1),
(501, 7, 39, 1),
(502, 8, 39, 1),
(503, 9, 39, 1),
(504, 10, 39, 1),
(505, 11, 39, 1),
(506, 12, 39, 1),
(507, 13, 39, 1),
(508, 1, 40, 1),
(509, 2, 40, 1),
(510, 3, 40, 1),
(511, 4, 40, 1),
(512, 5, 40, 1),
(513, 6, 40, 1),
(514, 7, 40, 1),
(515, 8, 40, 1),
(516, 9, 40, 1),
(517, 10, 40, 1),
(518, 11, 40, 1),
(519, 12, 40, 1),
(520, 13, 40, 1),
(521, 1, 41, 1),
(522, 2, 41, 1),
(523, 3, 41, 1),
(524, 4, 41, 1),
(525, 5, 41, 1),
(526, 6, 41, 1),
(527, 7, 41, 1),
(528, 8, 41, 1),
(529, 9, 41, 1),
(530, 10, 41, 1),
(531, 11, 41, 1),
(532, 12, 41, 1),
(533, 13, 41, 1),
(534, 1, 42, 1),
(535, 2, 42, 1),
(536, 3, 42, 1),
(537, 4, 42, 1),
(538, 5, 42, 1),
(539, 6, 42, 1),
(540, 7, 42, 1),
(541, 8, 42, 1),
(542, 9, 42, 1),
(543, 10, 42, 1),
(544, 11, 42, 1),
(545, 12, 42, 1),
(546, 13, 42, 1),
(547, 1, 43, 1),
(548, 2, 43, 1),
(549, 3, 43, 1),
(550, 4, 43, 1),
(551, 5, 43, 1),
(552, 6, 43, 1),
(553, 7, 43, 1),
(554, 8, 43, 1),
(555, 9, 43, 1),
(556, 10, 43, 1),
(557, 11, 43, 1),
(558, 12, 43, 1),
(559, 13, 43, 1),
(560, 1, 44, 1),
(561, 2, 44, 1),
(562, 3, 44, 1),
(563, 4, 44, 1),
(564, 5, 44, 1),
(565, 6, 44, 1),
(566, 7, 44, 1),
(567, 8, 44, 1),
(568, 9, 44, 1),
(569, 10, 44, 1),
(570, 11, 44, 1),
(571, 12, 44, 1),
(572, 13, 44, 1);

-- --------------------------------------------------------

--
-- Structure de la table `t_coordonnees`
--

DROP TABLE IF EXISTS `t_coordonnees`;
CREATE TABLE IF NOT EXISTS `t_coordonnees` (
  `idCoordonnees` int NOT NULL,
  `pAdresse` varchar(50) DEFAULT NULL,
  `pNoAdresse` int DEFAULT NULL,
  `pNoNpa` int DEFAULT NULL,
  `pLocalite` varchar(50) DEFAULT NULL,
  `pEmail` varchar(50) DEFAULT NULL,
  `pTelephone` char(1) CHARACTER SET latin1 COLLATE latin1_swedish_ci DEFAULT NULL,
  PRIMARY KEY (`idCoordonnees`)
) ENGINE=InnoDB DEFAULT CHARSET=latin1;

--
-- Déchargement des données de la table `t_coordonnees`
--

INSERT INTO `t_coordonnees` (`idCoordonnees`, `pAdresse`, `pNoAdresse`, `pNoNpa`, `pLocalite`, `pEmail`, `pTelephone`) VALUES
(1, 'Route du Platy', 8, 1752, 'Villars-sur-Glâne', 'jason.jaquier@gmail.com', '0'),
(2, 'Imp. du Savouet', 4, 1725, 'Posieux', 'roselyne.kolly@bluewin.ch', '0'),
(3, 'Imp. du Savouet', 4, 1752, 'Villars-sur-Glâne', 'kollyl03@gmail.com', '0'),
(4, 'Pérolles d\'en Haut', 6, 1752, 'Villars-sur-Glâne', 'rolandalex.duriaux@gmail.com ', '0'),
(5, 'Rte de la Poya', 27, 1726, 'Farvagny', 'martino.van@bluewin.ch', '0'),
(6, 'Rte du Châno', 45, 1782, 'Belfaux', 'sanfrancois@gmail.com', '0'),
(7, 'Ch. De la Garde', 11, 1732, 'Arconciel', 'hayoznicole@bluewin.ch', '0'),
(8, 'Imp. De la Planchetta', 10, 1763, 'Granges-Paccot', 'vanessa.vancardo19@gmail.com', '0'),
(9, 'Rte de Chésopelloz', 25, 1782, 'Belfaux', 'anthony.damato@bluewin.ch', '0'),
(10, 'Champ Thomas', 61, 1754, 'Corjolens', 'elsa.mettraux@gmail.com', '0'),
(11, 'Rte de villars-vert', 31, 1752, 'Villars-sur-Glâne', 'flavio2570@hotmail.com', '0'),
(12, NULL, NULL, NULL, 'NULL', 'petrushova.anastasiya@gmail.com', '0'),
(13, 'Route des Rusilles', 43, 1724, 'Le Mouret', 'paulinegillard.2006@gmail.com', '0'),
(14, 'Rte du Centre', 52, 1723, 'Marly', 'dupasquierlaurine@gmail.com', '0'),
(15, 'Ch. Des Cossettes', 13, 1723, 'Marly', 'emma.tlmn@icloud.com', '0'),
(16, 'Rte de Planafaye', 34, 1752, 'Villars-sur-Glâne', 'paul.leuba@studentfr.ch', '0'),
(17, 'Rte de Villamont A', 1, 1752, 'Villars-sur-Glâne', 'Tobias.Buss@studentfr.ch', '0'),
(18, 'Ch des Planchettes', 25, 1731, 'Ependes', 'lennkust@gmail.com', '0'),
(19, 'Rue des Charmettes', 1, 1700, 'Fribourg', 'miradijemaiq200019@gmail.com', '0'),
(20, 'Rte de Belmont', 89, 1741, 'Cottens', 'alisha.elsener@netplus.ch', '0'),
(21, 'Route des Martinets B', 63, 1752, 'Villars-sur-Glâne', 'emeric.zapf@gmail.com', '0'),
(22, 'Rte de Kaisa', 35, 1726, 'Farvagny', 'scherlera@gmail.com', '0'),
(23, 'Rte de Chésopelloz', 25, 1752, 'Belfaux', 'kylian.damato@bluewin.ch', '0'),
(24, 'Rte de matran', 25, 1752, 'Villars-sur-Glâne', 'jios.1752@gmail.com', '0'),
(25, NULL, NULL, NULL, 'Villars-sur-Glâne', 'galleyv@gmail.com', '0'),
(26, 'Rte du belvédère', 6, 1752, 'Villars-sur-Glâne', 'myriamcostaa@gmail.com', '0'),
(27, 'Rue des Comtes', 1, 1752, 'Villars-sur-Glâne', 'trolliet.kevin@gmail.com', '0'),
(28, NULL, NULL, 1723, 'Marly', 'halitaj.luanit@icloud.com', '0'),
(29, 'Fuhra', 33, 1737, 'Plasselb', 'nathan.serrano34@icloud.com', '0'),
(30, 'Rte des Arsenaux', 37, 1700, 'Fribourg', 'adele.ayer@gmail.com', '0'),
(31, 'Rue de l\'industrie', 3, 1700, 'Fribourg', 'sc.schiara@icloud.com', '0'),
(32, 'Route du Brand', 15, 1724, 'Le Mouret', 'mathilde.zosso@gmail.com', '0'),
(33, 'Rte de Chamblioux', 36, 1763, 'Granges-Paccot', 'roxane.goumaz@hotmail.fr', '0'),
(34, 'Chemin de l\'Ancienne Ecole', 37, 1288, 'Aire-La-Ville', 'lluismien@gmail.com', '0'),
(35, 'Route Jacques Vogt', 2, 1700, 'Fribourg', 'elodie.3@bluewin.ch', '0'),
(36, 'Rte de St-Cergue', 9, 1295, 'Mies', 'quentindecurnex@gmail.com', '0'),
(37, 'Rte de la Colline', 12, 1740, 'Neyruz', 'laure_stucky@bluewin.ch', '0'),
(38, 'Impasse du verné', 25, 1696, 'Vuisternens-En-Ogoz', 'kant.legrix@gmail.com', '0'),
(39, 'Rte de Chamblioux', 36, 1763, 'Granges-Paccot', 'goumaz.albertine@bluewin.ch', '0'),
(40, 'Grand Clos', 6, 1726, 'Farvagny', 'john.m@bluewin.ch', '0'),
(41, 'Imp. de l\'Artisanat', 1, 1774, 'Grolley', 'maebicher@bluewin.ch', '0'),
(42, 'Rte de Montagny', 8, 1772, 'Ponthaux', 'marguetbr@bluewin.ch', '0'),
(43, 'Rte de Chamblioux', 37, 1763, 'Granges-Paccot', 'mario.goumaz@hotmail.com', '0'),
(44, 'Rue de la Poterne', 27, 1635, 'Bulle', 'ceroulin@icloud.com', '0');

-- --------------------------------------------------------

--
-- Structure de la table `t_match`
--

DROP TABLE IF EXISTS `t_match`;
CREATE TABLE IF NOT EXISTS `t_match` (
  `idMatch` int NOT NULL,
  `dateMatch` date DEFAULT NULL,
  PRIMARY KEY (`idMatch`)
) ENGINE=InnoDB DEFAULT CHARSET=latin1;

--
-- Déchargement des données de la table `t_match`
--

INSERT INTO `t_match` (`idMatch`, `dateMatch`) VALUES
(1, '2022-10-23'),
(2, '2022-11-05'),
(3, '2022-11-19'),
(4, '2022-12-17'),
(5, '2023-01-07'),
(6, '2023-01-21'),
(7, '2023-02-15'),
(8, '2023-03-11'),
(9, '2023-03-22'),
(10, '2023-04-09'),
(11, '2023-04-12'),
(12, '2023-04-22'),
(13, '2023-04-29');

-- --------------------------------------------------------

--
-- Structure de la table `t_personne`
--

DROP TABLE IF EXISTS `t_personne`;
CREATE TABLE IF NOT EXISTS `t_personne` (
  `idPersonne` int NOT NULL,
  `pNom` varchar(50) DEFAULT NULL,
  `pPrenom` varchar(50) DEFAULT NULL,
  `pDateDeNaissance` date DEFAULT NULL,
  PRIMARY KEY (`idPersonne`)
) ENGINE=InnoDB DEFAULT CHARSET=latin1;

--
-- Déchargement des données de la table `t_personne`
--

INSERT INTO `t_personne` (`idPersonne`, `pNom`, `pPrenom`, `pDateDeNaissance`) VALUES
(1, 'Jaquier', 'Jason', '1996-07-06'),
(2, 'Kolly', 'Roselyne', NULL),
(3, 'Kolly', 'Laetitia', NULL),
(4, 'Duriaux', 'Alexandra', NULL),
(5, 'Van Autryve', 'Martino', NULL),
(6, 'François', 'Sandra', NULL),
(7, 'Hayoz', 'Nicole', NULL),
(8, 'Vancardo', 'Vanessa', '2005-05-19'),
(9, 'Damato', 'Anthony', NULL),
(10, 'Mettraux', 'Elsa', '2004-04-14'),
(11, 'Valdez', 'Flavio', NULL),
(12, 'Petrushova', 'Anastasiya', NULL),
(13, 'Gillard', 'Pauline', '2006-05-08'),
(14, 'Dupasquier', 'Laurine', '2005-12-25'),
(15, 'Thalmann', 'Emma', '2006-01-14'),
(16, 'Leuba', 'Paul', '2006-03-09'),
(17, 'Buss', 'Tobias', '2005-01-14'),
(18, 'Kuster', 'Lenny', '2005-11-11'),
(19, 'Maiq', 'Miradije', '2000-04-19'),
(20, 'Elsener', 'Alisha Larina', '2005-05-02'),
(21, 'Zapf', 'Emeric', '2004-01-10'),
(22, 'Scherler', 'Audrey', NULL),
(23, 'Damato', 'Kylian', '2006-01-01'),
(24, 'Semuhire', 'Judy', '2004-04-01'),
(25, 'Guillion', 'Valérie', NULL),
(26, 'Costa', 'Myriam', '2004-08-02'),
(27, 'Trolliet', 'Kevin', '1993-04-16'),
(28, 'Luanit', 'Halitaj', '2004-06-24'),
(29, 'Serrano', 'Nathan', '2004-04-13'),
(30, 'Ayer', 'Adèle', '2003-03-25'),
(31, 'Schmid', 'Chiara', '2003-03-22'),
(32, 'Zosso', 'Mathilde', '2005-11-06'),
(33, 'Goumaz', 'Roxane', '2002-08-01'),
(34, 'Miralles Enrech', 'Lluis', '2002-01-10'),
(35, 'Siegenthaler', 'Elodie', '2003-06-10'),
(36, 'Décurnex', 'Quentin', '2001-12-27'),
(37, 'Stucky', 'Laure', '2002-10-05'),
(38, 'Legrix', 'Quentin', '2003-02-11'),
(39, 'Goumaz', 'Albertine', NULL),
(40, 'Maradan', 'John', NULL),
(41, 'Aebischer', 'Marius', NULL),
(42, 'Marguet', 'Brigitte', NULL),
(43, 'Goumaz', 'Mario', NULL),
(44, 'Roulin', 'Cédric', NULL);

--
-- Contraintes pour les tables déchargées
--

--
-- Contraintes pour la table `t_choix`
--
ALTER TABLE `t_choix`
  ADD CONSTRAINT `FKChoixMatch` FOREIGN KEY (`idMatch`) REFERENCES `t_match` (`idMatch`),
  ADD CONSTRAINT `FKChoixPersonne` FOREIGN KEY (`idPersonne`) REFERENCES `t_personne` (`idPersonne`);
COMMIT;

/*!40101 SET CHARACTER_SET_CLIENT=@OLD_CHARACTER_SET_CLIENT */;
/*!40101 SET CHARACTER_SET_RESULTS=@OLD_CHARACTER_SET_RESULTS */;
/*!40101 SET COLLATION_CONNECTION=@OLD_COLLATION_CONNECTION */;
